region,year,month,mean_relative_pct,median_relative_pct,p_worse,n_pairs
chukchi,2015,7,-1.7032831766425118,-7.518742358146612,0.3548387096774194,31
chukchi,2015,8,17.21786846029552,-9.917059242802805,0.45161290322580644,31
chukchi,2015,9,36.01533351203087,-9.584314978652769,0.4666666666666667,30
chukchi,2015,10,22.45809834819905,5.606940342051592,0.6428571428571429,28
chukchi,2016,7,1.2319972642048154,0.5267938249467141,0.5161290322580645,31
chukchi,2016,8,-3.4409441213296437,-3.2041784568849208,0.3548387096774194,31
chukchi,2016,9,7.9747289303698965,-5.136691046694885,0.43333333333333335,30
chukchi,2016,10,24.397536726743102,1.1118237616845938,0.5357142857142857,28
chukchi,2017,7,-7.450418730683458,-7.847859097815501,0.3225806451612903,31
chukchi,2017,8,10.232793872926962,-4.567344344409408,0.41935483870967744,31
chukchi,2017,9,32.638142365368395,-3.391769326886357,0.4666666666666667,30
chukchi,2017,10,27.217572530188864,-14.459991873358728,0.42857142857142855,28
chukchi,2018,7,-2.089043052582603,-5.086393588590521,0.41935483870967744,31
chukchi,2018,8,4.26721711746314,-14.847675467971422,0.41935483870967744,31
chukchi,2018,9,12.050890685362573,11.549565327616072,0.6,30
chukchi,2018,10,35.83989697823006,13.792314414608498,0.6071428571428571,28
chukchi,2019,7,-6.685314221917556,-5.443387120883358,0.25806451612903225,31
chukchi,2019,8,32.837354097347706,5.419345467703374,0.5483870967741935,31
chukchi,2019,9,11.200486207367106,-10.549322598634141,0.43333333333333335,30
chukchi,2019,10,15.42279310432407,4.980302917792445,0.5714285714285714,28
chukchi,2020,7,-1.9815069180313993,0.12963690727567645,0.5161290322580645,31
chukchi,2020,8,1.0499733579168216,-9.958707437190906,0.3225806451612903,31
chukchi,2020,9,14.304610559738958,4.532834164298893,0.5333333333333333,30
chukchi,2020,10,41.473075664651226,1.5486491000167857,0.5357142857142857,28
chukchi,2021,7,1.11425701037195,1.6252483303954568,0.5483870967741935,31
chukchi,2021,8,-1.7967481266177865,-9.31608383878535,0.4838709677419355,31
chukchi,2021,9,15.66658933099689,1.6919147964247983,0.5333333333333333,30
chukchi,2021,10,2.17353462475279,0.1996961483927806,0.5,28
chukchi,2022,7,-2.139545086428288,-2.1612699543462233,0.45161290322580644,31
chukchi,2022,8,1.490598499135443,-13.3727801105066,0.3548387096774194,31
chukchi,2022,9,0.9357189585753252,-7.491398412947808,0.43333333333333335,30
chukchi,2022,10,54.16727986746069,10.539630238432208,0.6071428571428571,28
chukchi,2023,7,-4.383107459777017,-4.93950366676863,0.3548387096774194,31
chukchi,2023,8,0.4248047222184961,-0.43748050095522295,0.4838709677419355,31
chukchi,2023,9,18.56313625167328,8.959864378352567,0.5666666666666667,30
chukchi,2023,10,18.43757049807302,13.849510367481976,0.75,28
chukchi,2024,7,1.577726729379903,-0.12337594561411258,0.4838709677419355,31
chukchi,2024,8,-8.939607739953198,-8.776546226135629,0.22580645161290322,31
chukchi,2024,9,4.29219825154871,-4.170228257694392,0.4666666666666667,30
chukchi,2024,10,21.368615265444667,14.272605892381062,0.75,28
east_siberian,2015,7,0.519119295017443,1.3742326895890278,0.5483870967741935,31
east_siberian,2015,8,-6.300056759080934,-5.990963007311578,0.3548387096774194,31
east_siberian,2015,9,20.043677963858634,12.664174958401519,0.6,30
east_siberian,2015,10,3.1237903725732963,6.549515449781429,0.6071428571428571,28
east_siberian,2016,7,1.4191708459608092,-0.46842532128700265,0.4838709677419355,31
east_siberian,2016,8,-6.726783749581017,-3.1974253369120076,0.41935483870967744,31
east_siberian,2016,9,30.197177742876804,-4.55521849291391,0.43333333333333335,30
east_siberian,2016,10,8.223671022493134,8.12090304318499,0.5714285714285714,28
east_siberian,2017,7,-0.36642105759736254,-2.3087191593254675,0.3870967741935484,31
east_siberian,2017,8,2.0495319095237123,0.4059725119889501,0.5161290322580645,31
east_siberian,2017,9,12.020097747316784,2.291329656559121,0.5,30
east_siberian,2017,10,1.5454488207562005,0.29034069731337375,0.5357142857142857,28
east_siberian,2018,7,0.8502491996280058,-2.033154990658337,0.4838709677419355,31
east_siberian,2018,8,-0.9449699619028433,-0.5250694793731192,0.4838709677419355,31
east_siberian,2018,9,0.6780007427752532,-6.638264135935213,0.43333333333333335,30
east_siberian,2018,10,7.5690144782546565,4.926197569434954,0.6428571428571429,28
east_siberian,2019,7,-4.057522870241436,0.35707669470064207,0.5161290322580645,31
east_siberian,2019,8,-0.4987882141724851,-7.919196921199633,0.3225806451612903,31
east_siberian,2019,9,25.571514399920996,-10.174781800361377,0.4666666666666667,30
east_siberian,2019,10,30.449077600401544,5.983271298990978,0.5714285714285714,28
east_siberian,2020,7,-3.9760586666998363,-3.6655606455323952,0.3225806451612903,31
east_siberian,2020,8,-1.7813221644770314,-0.8527356950093212,0.4838709677419355,31
east_siberian,2020,9,22.813902687328792,3.0063563198826415,0.5333333333333333,30
east_siberian,2020,10,39.419192258935446,18.69238695519989,0.6428571428571429,28
east_siberian,2021,7,0.5368044565932547,0.5505339992658786,0.5161290322580645,31
east_siberian,2021,8,-0.7893282053671583,-10.291937661239182,0.3225806451612903,31
east_siberian,2021,9,39.129009846997405,22.440873827599706,0.6666666666666666,30
east_siberian,2021,10,-0.06649038396528724,-0.8972017003847976,0.4642857142857143,28
east_siberian,2022,7,1.9140048730493233,0.619923409693568,0.5161290322580645,31
east_siberian,2022,8,-0.7776765322453447,0.5763590812383201,0.5161290322580645,31
east_siberian,2022,9,2.503764615172791,-2.9998526457400865,0.43333333333333335,30
east_siberian,2022,10,1.997331342183713,0.897879963256154,0.5357142857142857,28
east_siberian,2023,7,-1.0064590783721028,-1.2405461237547266,0.45161290322580644,31
east_siberian,2023,8,-3.66240701052726,-4.321913260706367,0.3870967741935484,31
east_siberian,2023,9,11.254615743001178,-11.169096410161245,0.43333333333333335,30
east_siberian,2023,10,22.835031024375912,5.255078052216811,0.5714285714285714,28
east_siberian,2024,7,-0.2099856288632488,0.7046115263332764,0.5483870967741935,31
east_siberian,2024,8,-9.421575173340598,-6.066031395590543,0.3548387096774194,31
east_siberian,2024,9,10.188335653331382,-1.9471475740369448,0.4666666666666667,30
east_siberian,2024,10,22.511693155856126,13.532664196425658,0.7142857142857143,28
kara,2015,7,-2.9602446100423987,-5.9728524822309055,0.3870967741935484,31
kara,2015,8,7.035910810616145,0.21078129181997252,0.5161290322580645,31
kara,2015,9,33.210111530566444,-5.351475370065639,0.4666666666666667,30
kara,2015,10,20.12640610132384,14.444460464816478,0.6785714285714286,28
kara,2016,7,0.2555927183601728,1.7805707037425345,0.5161290322580645,31
kara,2016,8,-0.460238768830392,-5.103491121570325,0.45161290322580644,31
kara,2016,9,5.360963005910277,-6.668591658888162,0.4666666666666667,30
kara,2016,10,20.332798075972356,5.994298618190264,0.5714285714285714,28
kara,2017,7,3.2485723652543164,3.656481776370568,0.5483870967741935,31
kara,2017,8,-5.243056691488324,-6.589163445728197,0.3870967741935484,31
kara,2017,9,23.628413389137844,3.3811918091019355,0.5666666666666667,30
kara,2017,10,1.8834236259217945,0.4635548512891441,0.5,28
kara,2018,7,-7.510896220328582,-7.551755123381454,0.2903225806451613,31
kara,2018,8,13.66693917772756,-7.891741392333773,0.45161290322580644,31
kara,2018,9,10.774782788874784,8.630301327779055,0.5333333333333333,30
kara,2018,10,21.76815617809076,4.971967359446305,0.5714285714285714,28
kara,2019,7,-3.8431931926554057,-4.504159488444093,0.2903225806451613,31
kara,2019,8,0.2656404350327747,2.2584292293301056,0.5483870967741935,31
kara,2019,9,21.04670111024988,26.63521145266191,0.5666666666666667,30
kara,2019,10,14.15686574433128,13.825104637593343,0.5714285714285714,28
kara,2020,7,-5.757207811529918,-9.22975727329881,0.3870967741935484,31
kara,2020,8,5.94579529572189,-9.876907165766147,0.45161290322580644,31
kara,2020,9,14.44785932816468,4.165714459906756,0.5333333333333333,30
kara,2020,10,23.189910543564903,5.398838980473597,0.6428571428571429,28
kara,2021,7,-0.43352151096573555,-1.0158174834534073,0.45161290322580644,31
kara,2021,8,-0.9294198228850766,-5.667413308486657,0.3225806451612903,31
kara,2021,9,0.13072364110193313,-7.78498726020973,0.43333333333333335,30
kara,2021,10,18.51620870715447,3.913746477524682,0.5357142857142857,28
kara,2022,7,0.2820747412651029,-1.5214903308529815,0.41935483870967744,31
kara,2022,8,-5.351150929019872,-5.538450731629807,0.41935483870967744,31
kara,2022,9,19.350793165498995,8.256666671580891,0.5333333333333333,30
kara,2022,10,14.173941903511823,16.21145019842082,0.6071428571428571,28
kara,2023,7,0.6286273394401805,-0.3934410788222764,0.4838709677419355,31
kara,2023,8,1.9922870976487395,1.9755348326195854,0.5806451612903226,31
kara,2023,9,8.045630552908397,10.284632113560532,0.5666666666666667,30
kara,2023,10,2.9929910733422274,1.4854390959599506,0.5357142857142857,28
kara,2024,7,-6.426455204696642,-8.390116961544114,0.25806451612903225,31
kara,2024,8,3.6713280325698996,-5.8731656819973495,0.4838709677419355,31
kara,2024,9,7.948322447598125,-12.675831845660241,0.4,30
kara,2024,10,20.68977456593938,15.93165680956583,0.6071428571428571,28
laptev,2015,7,-1.7332183407113726,-0.06896016797138804,0.4838709677419355,31
laptev,2015,8,0.6845999642992272,-0.8683249282875893,0.4838709677419355,31
laptev,2015,9,23.568515922318227,3.855035941221485,0.5666666666666667,30
laptev,2015,10,2.8715842987579676,-0.4190244547614408,0.5,28
laptev,2016,7,1.2359395278622178,-0.07784192945455848,0.4838709677419355,31
laptev,2016,8,0.8148435351178227,-4.745863288869579,0.41935483870967744,31
laptev,2016,9,2.6458593738530296,1.7232114961942768,0.6,30
laptev,2016,10,1.0889251193700313,-1.1916326731046145,0.4642857142857143,28
laptev,2017,7,1.0047478980090758,-0.398402862155689,0.45161290322580644,31
laptev,2017,8,0.6724560159036811,0.3538323075596539,0.5161290322580645,31
laptev,2017,9,1.4301671944963326,-4.723244095551104,0.4,30
laptev,2017,10,1.2236885887844806,3.950217718746518,0.5714285714285714,28
laptev,2018,7,0.4889057597716442,1.2934640168435596,0.5483870967741935,31
laptev,2018,8,-5.4609077329475815,-11.943781585443347,0.25806451612903225,31
laptev,2018,9,12.063233208651884,4.9333454217740496,0.5666666666666667,30
laptev,2018,10,28.202322151672366,13.82923269376014,0.6428571428571429,28
laptev,2019,7,0.7251621565398773,0.08856745395604548,0.5161290322580645,31
laptev,2019,8,-3.0637597172052193,-3.2432471301689803,0.4838709677419355,31
laptev,2019,9,13.932381312474401,10.690067034586814,0.5666666666666667,30
laptev,2019,10,9.664244812350761,4.8588883703383985,0.6428571428571429,28
laptev,2020,7,-6.05169643531386,-10.996083094512832,0.25806451612903225,31
laptev,2020,8,5.862524605807831,-6.5896791513637805,0.4838709677419355,31
laptev,2020,9,5.484157513010837,1.060274233509384,0.5666666666666667,30
laptev,2020,10,23.129435867743876,18.52007053362109,0.6428571428571429,28
laptev,2021,7,-0.581770697013178,-4.207392272338373,0.45161290322580644,31
laptev,2021,8,4.200838424830878,-16.261599462223042,0.3225806451612903,31
laptev,2021,9,24.19445474156383,-0.3578344095934549,0.4666666666666667,30
laptev,2021,10,9.708817200840482,1.2041690129158455,0.6071428571428571,28
laptev,2022,7,1.752823927797279,-2.0656503665516857,0.45161290322580644,31
laptev,2022,8,0.9746045726441733,0.80627199990011,0.5161290322580645,31
laptev,2022,9,0.07040091983004017,-1.0427883939065685,0.4666666666666667,30
laptev,2022,10,1.7413851605596995,4.608534942791542,0.5357142857142857,28
laptev,2023,7,1.4975978391575306,0.811830432511873,0.5161290322580645,31
laptev,2023,8,0.397693224317558,-0.2929667656173418,0.45161290322580644,31
laptev,2023,9,1.5897606462479523,4.181368956429887,0.5333333333333333,30
laptev,2023,10,2.5048378115576644,-1.7725006397525056,0.4642857142857143,28
laptev,2024,7,-0.4504511774913727,-2.9869471843438355,0.45161290322580644,31
laptev,2024,8,0.5310702383858277,-1.320954292961729,0.3870967741935484,31
laptev,2024,9,1.1656551871904945,2.225907999621579,0.6,30
laptev,2024,10,3.71251829088835,4.010615680671092,0.5714285714285714,28
