horizon,region,region_kr,year,n_decisions,always_now_risk,model_rule_risk,climate_rule_risk,oracle_risk,model_improvement_pct,climate_improvement_pct,oracle_improvement_pct,oracle_capture_pct,direction_accuracy,mean_regret,delay_choice_rate
3,chukchi,추크치해,2022,120,0.43516977183493855,0.40385798229725695,0.4235942502746097,0.38077084137437384,0.07195304353437093,0.026600012936375345,0.12500622511344472,0.5755956830875634,0.6833333333333333,0.023087140922883102,0.5916666666666667
3,chukchi,추크치해,2023,120,0.45068390238889633,0.42771384347475117,0.45025272549586454,0.4110564373198654,0.05096711640329288,0.0009567168712844975,0.0879274029069631,0.5796499693869238,0.7083333333333334,0.0166574061548857,0.5583333333333333
3,chukchi,추크치해,2024,120,0.5907818229014657,0.5634860391763652,0.5921502364100494,0.5437694531688997,0.04620281577223325,-0.002316275578458115,0.07957653385758802,0.5806085479284491,0.7166666666666667,0.01971658600746542,0.475
3,east_siberian,동시베리아해,2022,120,0.5272183439810937,0.5205971171943994,0.5331322893822587,0.4994776141920979,0.012558794401379443,-0.011217260303402955,0.05261715588179643,0.23868250176031117,0.6583333333333333,0.02111950300230139,0.425
3,east_siberian,동시베리아해,2023,120,0.36008386499759176,0.3436240672604641,0.3532100749237395,0.3275607921217789,0.04571101162013388,0.019089414278249374,0.09032082811050245,0.5060960198926545,0.65,0.016063275138685214,0.4083333333333333
3,east_siberian,동시베리아해,2024,120,0.3785878100334988,0.36149945359333474,0.3681496465699972,0.3479905361012038,0.045137101584575595,0.027571314202055174,0.080819490541937,0.5584927754667556,0.725,0.013508917492130972,0.39166666666666666
3,kara,카라해,2022,120,0.39026113669593576,0.3654221597939259,0.380613423065083,0.35181060052240093,0.06364706747974924,0.024721174423190353,0.09852514779992763,0.6459981933647604,0.7083333333333334,0.013611559271524935,0.38333333333333336
3,kara,카라해,2023,120,0.5174232400270861,0.487742801892349,0.520868265963004,0.4732270127779382,0.05736201206034614,-0.006658042525761984,0.08541600730348768,0.6715604471716385,0.7583333333333333,0.014515789114410805,0.5333333333333333
3,kara,카라해,2024,120,0.33816365124159437,0.32907714640797797,0.34107652232564994,0.30116687264844366,0.026870140537738396,-0.00861379120245699,0.10940495365872153,0.2456025951215817,0.6583333333333333,0.027910273759534317,0.5583333333333333
3,laptev,랍테프해,2022,120,0.6326889126906683,0.6121955622018106,0.6254687832442419,0.6021979778373246,0.0323908797480022,0.011411815983499614,0.04819261763837981,0.6721128947809349,0.8,0.009997584364485775,0.475
3,laptev,랍테프해,2023,120,0.6354742995600301,0.6131695456110033,0.634581053547418,0.5956638412111425,0.03509938004490414,0.001405636723987941,0.06264684248670695,0.5602737289170142,0.6916666666666667,0.01750570439986084,0.4
3,laptev,랍테프해,2024,120,0.608199940674709,0.5873388303522814,0.6119660299337245,0.5768192828464145,0.034299757246416686,-0.006192189454733642,0.05159595673995333,0.6647760680025663,0.725,0.01051954750586681,0.39166666666666666
7,chukchi,추크치해,2022,116,0.4324962437147101,0.3760447754570347,0.3994992193552558,0.35902505382993083,0.13052475964372268,0.07629436056147658,0.16987705893983093,0.7683483600334373,0.7844827586206896,0.01701972162710389,0.5948275862068966
7,chukchi,추크치해,2023,116,0.4362674037443931,0.39237124018747704,0.41607435932469666,0.37791107166981347,0.10061756431987433,0.04628593437507296,0.13376276011849447,0.7522090919082539,0.7844827586206896,0.014460168517663671,0.5862068965517241
7,chukchi,추크치해,2024,116,0.5800222528746427,0.5438116320174239,0.5653834566209498,0.523353280352782,0.0624297096839918,0.025238335565819607,0.0977013765265112,0.6389849550077888,0.6982758620689655,0.020458351664641886,0.5517241379310345
7,east_siberian,동시베리아해,2022,116,0.5260695944618573,0.509383431528436,0.5341601357756565,0.48623333218304954,0.03171854657460368,-0.01537922244313583,0.07572431993443425,0.4188686884486663,0.6724137931034483,0.023150099345386574,0.43103448275862066
7,east_siberian,동시베리아해,2023,116,0.35006977087945595,0.31682630498995246,0.3249392504436943,0.3028034537755447,0.09496240079795593,0.07178717651806375,0.13501970474390687,0.7033225333892709,0.7068965517241379,0.014022851214407774,0.4396551724137931
7,east_siberian,동시베리아해,2024,116,0.3723289730287561,0.34249127285321773,0.35562400411111994,0.32844382180057663,0.08013800251111247,0.044866153664453075,0.11786660294306482,0.6799042350429234,0.7327586206896551,0.014047451052641097,0.3793103448275862
7,kara,카라해,2022,116,0.38106872540778797,0.35650118097085876,0.36383931291965826,0.33604340877277344,0.06447011470342803,0.045213399419467504,0.11815537102088917,0.5456384601596326,0.7068965517241379,0.020457772198085315,0.46551724137931033
7,kara,카라해,2023,116,0.5170269576977099,0.49292526914683,0.5138052554628003,0.4780160428575992,0.04661592242347146,0.006231207458225451,0.07545238069176118,0.6178191065157679,0.6724137931034483,0.014909226289230762,0.6120689655172413
7,kara,카라해,2024,116,0.32439727643921173,0.29762387375269944,0.30913733940942784,0.28331571244942955,0.08253276038687495,0.047040891333264424,0.12663966985394956,0.6517133255484474,0.8189655172413793,0.014308161303269932,0.5948275862068966
7,laptev,랍테프해,2022,116,0.6336045697230155,0.6107946908807276,0.6333106121778611,0.601330804919138,0.03600018044734021,0.0004639447996451209,0.05093676142201143,0.7067622566161689,0.7758620689655172,0.00946388596158963,0.5344827586206896
7,laptev,랍테프해,2023,116,0.6345882317794656,0.603317714015715,0.6304685554402154,0.5908304515983481,0.049276863638117084,0.0064918889650664524,0.0689546039301975,0.7146276075778765,0.7327586206896551,0.01248726241736683,0.43103448275862066
7,laptev,랍테프해,2024,116,0.6073601500682263,0.5903702682695563,0.6093698546241243,0.5736844075384844,0.027973323236240452,-0.00330891737904148,0.05544608503860361,0.5045139474998892,0.6724137931034483,0.01668586073107198,0.5603448275862069
